[
  {
    "model": "upmoodle.filetype",
    "pk": 1,
    "fields": {
      "name": "Theory"
    }
  },
  {
    "model": "upmoodle.filetype",
    "pk": 2,
    "fields": {
      "name": "Practice"
    }
  },
  {
    "model": "upmoodle.filetype",
    "pk": 3,
    "fields": {
      "name": "Classwork"
    }
  },
  {
    "model": "upmoodle.filetype",
    "pk": 4,
    "fields": {
      "name": "Bibliography"
    }
  },
  {
    "model": "upmoodle.filetype",
    "pk": 5,
    "fields": {
      "name": "Exam"
    }
  },
  {
    "model": "upmoodle.filetype",
    "pk": 6,
    "fields": {
      "name": "Exercise"
    }
  },
  {
    "model": "upmoodle.level",
    "pk": 1,
    "fields": {
      "name": "Ingeniería del software",
      "type": 1,
      "visible": true,
      "parent": 7
    }
  },
  {
    "model": "upmoodle.level",
    "pk": 2,
    "fields": {
      "name": "Ingeniería de computadores",
      "type": 1,
      "visible": false,
      "parent": 7
    }
  },
  {
    "model": "upmoodle.level",
    "pk": 3,
    "fields": {
      "name": "3º de software",
      "type": 2,
      "visible": true,
      "parent": 1
    }
  },
  {
    "model": "upmoodle.level",
    "pk": 4,
    "fields": {
      "name": "Verificación y Validacion",
      "type": 3,
      "visible": true,
      "parent": 3
    }
  },
  {
    "model": "upmoodle.level",
    "pk": 5,
    "fields": {
      "name": "Calidad del software",
      "type": 3,
      "visible": true,
      "parent": 3
    }
  },
  {
    "model": "upmoodle.level",
    "pk": 6,
    "fields": {
      "name": "Gestión de proyectos",
      "type": 3,
      "visible": true,
      "parent": 3
    }
  },
  {
    "model": "upmoodle.level",
    "pk": 7,
    "fields": {
      "name": "UPM",
      "type": 5,
      "visible": true,
      "parent": null
    }
  },
  {
    "model": "upmoodle.level",
    "pk": 8,
    "fields": {
      "name": "Prácticas externas",
      "type": 3,
      "visible": true,
      "parent": 9
    }
  },
  {
    "model": "upmoodle.level",
    "pk": 9,
    "fields": {
      "name": "4º de software",
      "type": 2,
      "visible": true,
      "parent": 1
    }
  },
  {
    "model": "upmoodle.level",
    "pk": 10,
    "fields": {
      "name": "Programación concurrente",
      "type": 3,
      "visible": true,
      "parent": 9
    }
  },
  {
    "model": "upmoodle.level",
    "pk": 11,
    "fields": {
      "name": "Inglés nivel medio",
      "type": 3,
      "visible": true,
      "parent": 9
    }
  },
  {
    "model": "upmoodle.level",
    "pk": 12,
    "fields": {
      "name": "2º de software",
      "type": 2,
      "visible": true,
      "parent": 1
    }
  },
  {
    "model": "upmoodle.level",
    "pk": 13,
    "fields": {
      "name": "Estadística",
      "type": 3,
      "visible": true,
      "parent": 12
    }
  },
  {
    "model": "upmoodle.level",
    "pk": 14,
    "fields": {
      "name": "Arquitectura y diseño",
      "type": 3,
      "visible": true,
      "parent": 3
    }
  },
  {
    "model": "upmoodle.level",
    "pk": 15,
    "fields": {
      "name": "Construcción y evolución",
      "type": 3,
      "visible": true,
      "parent": 3
    }
  },
  {
    "model": "upmoodle.level",
    "pk": 16,
    "fields": {
      "name": "Integración de sistemas",
      "type": 3,
      "visible": true,
      "parent": 3
    }
  },
  {
    "model": "upmoodle.level",
    "pk": 17,
    "fields": {
      "name": "Redes de computadores",
      "type": 3,
      "visible": true,
      "parent": 3
    }
  },
  {
    "model": "upmoodle.level",
    "pk": 18,
    "fields": {
      "name": "Computación ubicua",
      "type": 3,
      "visible": true,
      "parent": 3
    }
  },
  {
    "model": "upmoodle.leveltype",
    "pk": 1,
    "fields": {
      "name": "carrer"
    }
  },
  {
    "model": "upmoodle.leveltype",
    "pk": 2,
    "fields": {
      "name": "course"
    }
  },
  {
    "model": "upmoodle.leveltype",
    "pk": 3,
    "fields": {
      "name": "subject"
    }
  },
  {
    "model": "upmoodle.leveltype",
    "pk": 4,
    "fields": {
      "name": "student"
    }
  },
  {
    "model": "upmoodle.leveltype",
    "pk": 5,
    "fields": {
      "name": "university"
    }
  },
  {
    "model": "upmoodle.rol",
    "pk": "student",
    "fields": {
      "name": "Alumno",
      "priority": 0
    }
  },
  {
    "model": "upmoodle.rol",
    "pk": "teacher",
    "fields": {
      "name": "Profesor",
      "priority": 1
    }
  },
  {
    "model": "upmoodle.rol",
    "pk": "subject-coordinator",
    "fields": {
      "name": "Coordinador de asignatura",
      "priority": 2
    }
  },
  {
    "model": "upmoodle.rol",
    "pk": "course-admin",
    "fields": {
      "name": "Delegado de curso",
      "priority": 3
    }
  },
  {
    "model": "upmoodle.rol",
    "pk": "admin",
    "fields": {
      "name": "Administrador",
      "priority": 4
    }
  },
  {
    "model": "upmoodle.rol",
    "pk": "god",
    "fields": {
      "name": "g0d",
      "priority": 5
    }
  },
  {
    "model": "upmoodle.year",
    "pk": 3,
    "fields": {
      "verbose": "2015/2016"
    }
  },
  {
    "model": "upmoodle.tag",
    "pk": 1,
    "fields": {
      "name": "Notes"
    }
  },
  {
    "model": "upmoodle.tag",
    "pk": 2,
    "fields": {
      "name": "Practices"
    }
  },
  {
    "model": "upmoodle.tag",
    "pk": 3,
    "fields": {
      "name": "Bibliography"
    }
  },
  {
    "model": "upmoodle.tag",
    "pk": 4,
    "fields": {
      "name": "Exams"
    }
  },
  {
    "model": "upmoodle.tag",
    "pk": 5,
    "fields": {
      "name": "Others"
    }
  },
  {
    "model": "upmoodle.calendarfrequency",
    "pk": 1,
    "fields": {
      "name": "daily"
    }
  },
  {
    "model": "upmoodle.calendarfrequency",
    "pk": 2,
    "fields": {
      "name": "weekly"
    }
  },
  {
    "model": "upmoodle.calendarfrequency",
    "pk": 3,
    "fields": {
      "name": "monthly"
    }
  },
  {
    "model": "upmoodle.calendarfrequency",
    "pk": 4,
    "fields": {
      "name": "unique"
    }
  },
  {
    "model": "upmoodle.okmessage",
    "pk": 1,
    "fields": {
      "http_code": 200,
      "text": "Successfully signed in"
    }
  },
  {
    "model": "upmoodle.okmessage",
    "pk": 2,
    "fields": {
      "http_code": 204,
      "text": "Email is now confirmed"
    }
  },
  {
    "model": "upmoodle.okmessage",
    "pk": 3,
    "fields": {
      "http_code": 200,
      "text": "A new password has been sent to your email address. Check your inbox"
    }
  },
  {
    "model": "upmoodle.okmessage",
    "pk": 4,
    "fields": {
      "http_code": 200,
      "text": "Your user account has been removed."
    }
  },
  {
    "model": "upmoodle.okmessage",
    "pk": 5,
    "fields": {
      "http_code": 200,
      "text": "Your profile has been updated"
    }
  },
  {
    "model": "upmoodle.okmessage",
    "pk": 6,
    "fields": {
      "http_code": 200,
      "text": "Note updated"
    }
  },
  {
    "model": "upmoodle.okmessage",
    "pk": 7,
    "fields": {
      "http_code": 200,
      "text": "The note is been removed"
    }
  },
  {
    "model": "upmoodle.okmessage",
    "pk": 8,
    "fields": {
      "http_code": 200,
      "text": "The calendar event is been removed"
    }
  },
  {
    "model": "upmoodle.okmessage",
    "pk": 9,
    "fields": {
      "http_code": 200,
      "text": "Calendar event has been updated."
    }
  },
  {
    "model": "upmoodle.okmessage",
    "pk": 10,
    "fields": {
      "http_code": 200,
      "text": "The file has been removed"
    }
  },
  {
    "model": "upmoodle.okmessage",
    "pk": 11,
    "fields": {
      "http_code": 200,
      "text": "Account successfully validated."
    }
  },
  {
    "model": "upmoodle.okmessage",
    "pk": 12,
    "fields": {
      "http_code": 201,
      "text": "Your note was successfully created"
    }
  },
  {
    "model": "upmoodle.okmessage",
    "pk": 13,
    "fields": {
      "http_code": 201,
      "text": "Your file was successfully uploaded"
    }
  },
  {
    "model": "upmoodle.okmessage",
    "pk": 14,
    "fields": {
      "http_code": 200,
      "text": "File's info has been updated"
    }
  },
  {
    "model": "upmoodle.okmessage",
    "pk": 15,
    "fields": {
      "http_code": 200,
      "text": "Successfully logged out"
    }
  },
  {
    "model": "upmoodle.okmessage",
    "pk": 16,
    "fields": {
      "http_code": 200,
      "text": "Successful request"
    }
  },
  {
    "model": "upmoodle.okmessage",
    "pk": 17,
    "fields": {
      "http_code": 200,
      "text": "Correctly signed up"
    }
  },
  {
    "model": "upmoodle.errormessage",
    "pk": 1,
    "fields": {
      "text": "Request could not be fulfilled",
      "msg_key": "bad_request",
      "http_code": 400
    }
  },
  {
    "model": "upmoodle.errormessage",
    "pk": 2,
    "fields": {
      "text": "Incorrect data",
      "msg_key": "bad_request",
      "http_code": 400
    }
  },
  {
    "model": "upmoodle.errormessage",
    "pk": 3,
    "fields": {
      "text": "Cookies are disabled in this system",
      "msg_key": "no_cookies",
      "http_code": 400
    }
  },
  {
    "model": "upmoodle.errormessage",
    "pk": 4,
    "fields": {
      "text": "Email was already confirmed",
      "msg_key": "conflict",
      "http_code": 409
    }
  },
  {
    "model": "upmoodle.errormessage",
    "pk": 5,
    "fields": {
      "text": "Bad authentication data",
      "msg_key": "bad_token",
      "http_code": 401
    }
  },
  {
    "model": "upmoodle.errormessage",
    "pk": 6,
    "fields": {
      "text": "User is already in use",
      "msg_key": "conflict",
      "http_code": 409
    }
  },
  {
    "model": "upmoodle.errormessage",
    "pk": 7,
    "fields": {
      "text": "You are not authorized to perform this operation",
      "msg_key": "forbidden",
      "http_code": 403
    }
  },
  {
    "model": "upmoodle.errormessage",
    "pk": 8,
    "fields": {
      "text": "Bad file data",
      "msg_key": "bad_request",
      "http_code": 400
    }
  },
  {
    "model": "upmoodle.errormessage",
    "pk": 9,
    "fields": {
      "text": "Incorrect password length",
      "msg_key": "bad_request",
      "http_code": 400
    }
  },
  {
    "model": "upmoodle.errormessage",
    "pk": 10,
    "fields": {
      "text": "Incorrect password length",
      "msg_key": "bad_request",
      "http_code": 400
    }
  },
  {
    "model": "upmoodle.errormessage",
    "pk": 11,
    "fields": {
      "text": "Invalid given email",
      "msg_key": "bad_request",
      "http_code": 400
    }
  },
  {
    "model": "upmoodle.errormessage",
    "pk": 12,
    "fields": {
      "text": "UNCONFIRMED_EMAIL",
      "msg_key": "_",
      "http_code": 400
    }
  },
  {
    "model": "upmoodle.errormessage",
    "pk": 13,
    "fields": {
      "text": "You are not signed in",
      "msg_key": "bad_token",
      "http_code": 401
    }
  },
  {
    "model": "upmoodle.errormessage",
    "pk": 14,
    "fields": {
      "text": "Incorrect name's length",
      "msg_key": "bad_request",
      "http_code": 400
    }
  },
  {
    "model": "upmoodle.errormessage",
    "pk": 15,
    "fields": {
      "text": "Invalid level",
      "msg_key": "bad_request",
      "http_code": 400
    }
  },
  {
    "model": "upmoodle.errormessage",
    "pk": 16,
    "fields": {
      "text": "Method not allowed",
      "msg_key": "bad_method",
      "http_code": 405
    }
  },
  {
    "model": "upmoodle.classgroup",
    "pk": "gsm21",
    "fields": {
      "name": "Grupo mañana software de 2ª",
      "classroom": "3101"
    }
  },
  {
    "model": "upmoodle.classgroup",
    "pk": "gsm31",
    "fields": {
      "name": "Grupo mañana software de 3º",
      "classroom": "3301"
    }
  },
  {
    "model": "upmoodle.classgroup",
    "pk": "gsm41",
    "fields": {
      "name": "Grupo de mañana de software de 4º",
      "classroom": "3401"
    }
  },
  {
    "model": "upmoodle.classgroup",
    "pk": "gst21",
    "fields": {
      "name": "Grupo tarde software de 2ª",
      "classroom": "301"
    }
  },
  {
    "model": "upmoodle.classgroup",
    "pk": "gst31",
    "fields": {
      "name": "Grupo tarde software de 3º",
      "classroom": "3301"
    }
  }
]
